FIGHT_ID,BOUT,reason,method,outcome
6390c8e74630473e,Tom Aspinall vs. Ciryl Gane,method_excluded;outcome_nc,Could Not Continue,NC/NC
d822ebc7dbc6c259,Zach Reese vs. Sedriques Dumas,method_excluded;outcome_nc,Could Not Continue,NC/NC
08c04f18b0f58d71,Mansur Abdul-Malik vs. Cody Brundage,method_excluded,Overturned,D/D
13e2ff8b3a122094,Paul Craig vs. Rodolfo Bellato,method_excluded;outcome_nc,Could Not Continue,NC/NC
46fa8e79fe8a9539,Abdul Razak Alhassan vs. Cody Brundage,method_excluded;outcome_nc,Could Not Continue,NC/NC
a7fd9da657bbce8e,Bryan Battle vs. Ange Loosa,method_excluded;outcome_nc,Could Not Continue,NC/NC
6cd542650d886c22,Daniel Marcos vs. Aoriqileng,method_excluded;outcome_nc,Could Not Continue,NC/NC
415ea2520b7ba720,Aliaskhab Khizriev vs. Makhmud Muradov,method_excluded;outcome_nc,Could Not Continue,NC/NC
6e5a3d6b6ed84ac3,Trey Ogden vs. Nikolas Motta,method_excluded;outcome_nc,Overturned,NC/NC
821960adf5bfa15c,Magomed Ankalaev vs. Johnny Walker,method_excluded;outcome_nc,Could Not Continue,NC/NC
0d1af8c6a5793185,Javid Basharat vs. Victor Henry,method_excluded;outcome_nc,Could Not Continue,NC/NC
b78545b32a97ac44,Dan Argueta vs. Miles Johns,method_excluded;outcome_nc,Overturned,NC/NC
5d3e046b6bcd49f5,Edgar Chairez vs. Daniel Lacerda,method_excluded;outcome_nc,Overturned,NC/NC
73370221b3fa3676,Holly Holm vs. Mayra Bueno Silva,method_excluded;outcome_nc,Overturned,NC/NC
2874ea5d2f783e23,Austen Lane vs. Justin Tafa,method_excluded;outcome_nc,Could Not Continue,NC/NC
9a2d3ebab827d333,Dan Argueta vs. Ronnie Lawrence,method_excluded;outcome_nc,Overturned,NC/NC
96eaf07b34538b8b,Nassourdine Imavov vs. Chris Curtis,method_excluded;outcome_nc,Could Not Continue,NC/NC
640d52630f4f8a61,King Green vs. Jared Gordon,method_excluded;outcome_nc,Could Not Continue,NC/NC
5a2b86570110191b,Don'Tale Mayes vs. Hamdy Abdelwahab,method_excluded;outcome_nc,Overturned,NC/NC
39dccca8e8083072,Pedro Munhoz vs. Sean O'Malley,method_excluded;outcome_nc,Could Not Continue,NC/NC
ce151e053721fe69,Kevin Holland vs. Kyle Daukaus,method_excluded;outcome_nc,Overturned,NC/NC
7d0874323bd1f768,Alan Baudot vs. Rodrigo Nascimento,method_excluded;outcome_nc,Overturned,NC/NC
4622ec182e7fed6b,Andre Fili vs. Daniel Pineda,method_excluded;outcome_nc,Could Not Continue,NC/NC
9cdfcd164b48f55e,Alan Patrick vs. Mason Jones,method_excluded;outcome_nc,Could Not Continue,NC/NC
969aa613824c5dfe,Matt Schnell vs. Rogerio Bontorin,method_excluded;outcome_nc,Overturned,NC/NC
2c13b938e0f8190b,Leon Edwards vs. Belal Muhammad,method_excluded;outcome_nc,Could Not Continue,NC/NC
dc48627a5f2daba9,Eryk Anders vs. Darren Stewart,method_excluded;outcome_nc,Could Not Continue,NC/NC
c0568b225d5f0fe6,Donald Cerrone vs. Niko Price,method_excluded;outcome_nc,Overturned,NC/NC
e1bb0b615c02d715,Roosevelt Roberts vs. Kevin Croom,method_excluded;outcome_nc,Overturned,NC/NC
7ada9af99946d456,Timur Valiev vs. Trevin Jones,method_excluded;outcome_nc,Overturned,NC/NC
407e1c6850e7022c,Nicolas Dalby vs. Jesse Ronson,method_excluded;outcome_nc,Overturned,NC/NC
f044802db5688bbe,Marc-Andre Barriault vs. Oskar Piechota,method_excluded;outcome_nc,Overturned,NC/NC
0fcf42b68f2f0fa3,Jamahal Hill vs. Klidson Abreu,method_excluded;outcome_nc,Overturned,NC/NC
5ab2a4fec735e0b2,Domingo Pilarte vs. Journey Newson,method_excluded;outcome_nc,Overturned,NC/NC
0019ec81fd706ade,Greg Hardy vs. Ben Sosoli,method_excluded;outcome_nc,Overturned,NC/NC
57ff0eb2351979c4,Khalid Taha vs. Bruno Silva,method_excluded;outcome_nc,Overturned,NC/NC
62acea88e628c3ca,Yair Rodriguez vs. Jeremy Stephens,method_excluded;outcome_nc,Could Not Continue,NC/NC
8ae79d7967681db8,Todd Duffee vs. Jeff Hughes,method_excluded;outcome_nc,Could Not Continue,NC/NC
aa6a9aeeb45577d4,Mike Rodriguez vs. John Allan,method_excluded;outcome_nc,Overturned,NC/NC
819af4bbad55324d,Andrei Arlovski vs. Walt Harris,method_excluded;outcome_nc,Overturned,NC/NC
04d37c1c206c0efd,Chas Skelly vs. Bobby Moffett,method_excluded;outcome_nc,Overturned,NC/NC
64756e0f4b305da8,CM Punk vs. Mike Jackson,method_excluded;outcome_nc,Overturned,NC/NC
e3a2bf2d9ee83318,Khalil Rountree Jr. vs. Michal Oleksiejczuk,method_excluded;outcome_nc,Overturned,NC/NC
5ab286735ccee803,Daniel Cormier vs. Jon Jones,method_excluded;outcome_nc,Overturned,NC/NC
6fe9729cee57c680,Eddie Alvarez vs. Dustin Poirier,method_excluded;outcome_nc,Could Not Continue,NC/NC
58450502a93454c8,Vitor Belfort vs. Kelvin Gastelum,method_excluded;outcome_nc,Overturned,NC/NC
74256b4e8d0b1de6,Adam Milstead vs. Curtis Blaydes,method_excluded;outcome_nc,Overturned,NC/NC
48e51d4e7172048e,Alex Morono vs. Niko Price,method_excluded;outcome_nc,Overturned,NC/NC
9d4b2767f6630fc9,Alex Oliveira vs. Tim Means,method_excluded;outcome_nc,Could Not Continue,NC/NC
934c967872f28b13,Francimar Barroso vs. Darren Stewart,method_excluded;outcome_nc,Overturned,NC/NC
83414cc83ec3f2ac,Brock Lesnar vs. Mark Hunt,method_excluded;outcome_nc,Overturned,NC/NC
b2857e799319f931,Cole Miller vs. Jim Alers,method_excluded;outcome_nc,Could Not Continue,NC/NC
633fbb0894c002d2,Antonio Carlos Junior vs. Kevin Casey,method_excluded;outcome_nc,Could Not Continue,NC/NC
9968d308e97c6531,Rony Jason vs. Damon Jackson,method_excluded;outcome_nc,Overturned,NC/NC
b068a4ee6d842606,Leandro Silva vs. Drew Dober,method_excluded;outcome_nc,Overturned,NC/NC
28255055879685bc,Roman Salazar vs. Norifumi Yamamoto,method_excluded;outcome_nc,Could Not Continue,NC/NC
f4e490d25bd62d39,Anderson Silva vs. Nick Diaz,method_excluded;outcome_nc,Overturned,NC/NC
f3100979573e2895,Hector Lombard vs. Joshua Burkman,method_excluded;outcome_nc,Overturned,NC/NC
da3210cd829fceb7,KJ Noons vs. Daron Cruickshank,method_excluded;outcome_nc,Could Not Continue,NC/NC
1cad3dc6d7eccdfb,Pedro Munhoz vs. Jerrod Sanders,method_excluded;outcome_nc,Overturned,NC/NC
fe6b45e7210bfa8e,Mike de la Torre vs. Brian Ortega,method_excluded;outcome_nc,Overturned,NC/NC
a6245f48fc60bc6a,Robert Drysdale vs. Keith Berish,method_excluded;outcome_nc,Overturned,NC/NC
629655f9b898810d,Kevin Casey vs. Bubba Bush,method_excluded;outcome_nc,Overturned,NC/NC
ceac6997d22f2f3b,Rani Yahya vs. Johnny Bedford,method_excluded;outcome_nc,Could Not Continue,NC/NC
443791a8c6790cf0,Phil Harris vs. Louis Gaudinot,method_excluded;outcome_nc,Overturned,NC/NC
80cb366cd1e54aec,Chico Camus vs. Yaotzin Meza,method_excluded;outcome_nc,Overturned,NC/NC
f1a9c3187855155c,Dennis Siver vs. Manvel Gamburyan,method_excluded;outcome_nc,Overturned,NC/NC
ab18079c7c0040fb,Yves Edwards vs. Yancy Medeiros,method_excluded;outcome_nc,Overturned,NC/NC
b25662d83e6d4c3b,Ross Pearson vs. Melvin Guillard,method_excluded;outcome_nc,Could Not Continue,NC/NC
c9eb00b7efdc7559,Sarah Kaufman vs. Jessica Eye,method_excluded;outcome_nc,Overturned,NC/NC
6b30fe49b6df63de,Roger Bowling vs. Abel Trujillo,method_excluded;outcome_nc,Could Not Continue,NC/NC
bb59b82bddc96cca,Jim Miller vs. Pat Healy,method_excluded;outcome_nc,Overturned,NC/NC
be70a2f68f6ad3e7,Alex Caceres vs. Kyung Ho Kang,method_excluded;outcome_nc,Overturned,NC/NC
287c71b9017c5769,Che Mills vs. Matthew Riddle,method_excluded;outcome_nc,Overturned,NC/NC
7601245171a28da1,Iuri Alcantara vs. Pedro Nobre,method_excluded;outcome_nc,Could Not Continue,NC/NC
61d89fc97e7b145c,Igor Pokrajac vs. Joey Beltran,method_excluded;outcome_nc,Overturned,NC/NC
346875f19aefc88d,Thiago Silva vs. Stanislav Nedkov,method_excluded;outcome_nc,Overturned,NC/NC
c47cf097227cc6a0,Jake Shields vs. Ed Herman,method_excluded;outcome_nc,Overturned,NC/NC
7e27d9f37c217b63,Phil Davis vs. Wagner Prado,method_excluded;outcome_nc,Could Not Continue,NC/NC
ccacbe6a4c31cd45,Chris Clements vs. Matthew Riddle,method_excluded;outcome_nc,Overturned,NC/NC
93ffadd9e41af797,Roland Delorme vs. Francisco Rivera,method_excluded;outcome_nc,Overturned,NC/NC
8208afe1e52b02e9,Mackens Semerzier vs. Robert Peralta,method_excluded;outcome_nc,Overturned,NC/NC
91daeeeea0a83e49,Nik Lentz vs. Charles Oliveira,method_excluded;outcome_nc,Overturned,NC/NC
65b4d4be2d04bb34,Brandon Vera vs. Thiago Silva,method_excluded;outcome_nc,Overturned,NC/NC
aa161809e78bef96,Karo Parisyan vs. Dong Hyun Kim,method_excluded;outcome_nc,Overturned,NC/NC
53343bd123bcf651,Gray Maynard vs. Rob Emerson,method_excluded;outcome_nc,Could Not Continue,NC/NC
2aa175f3ebffcdf2,Alessio Sakara vs. Ron Faircloth,method_excluded;outcome_nc,Could Not Continue,NC/NC
fe60fd0ee67902dc,Benji Radach vs. Steve Berger,method_excluded;outcome_nc,Overturned,NC/NC
651da45cc83ce011,Bobby Hoffman vs. Mark Robinson,method_excluded;outcome_nc,Overturned,NC/NC
2750ac5854e8b28b,Kazushi Sakuraba vs. Marcus Silveira,method_excluded;outcome_nc,Overturned,NC/NC
3932f8e9a74f3d11,Ken Shamrock vs. Oleg Taktarov,method_excluded,Other,D/D
db8df615610f3632,Ken Shamrock vs. Royce Gracie,method_excluded,Other,D/D
7e8749cbf32ef1f8,Alex Perez vs. Sumudaerji,method_excluded;outcome_nc,Could Not Continue,NC/NC
