fighter,use_surname,gdelt_volume,gdelt_active_days
ilia topuria,false,3700,345
justin gaethje,true,3588,331
alex pereira,false,2898,333
conor mcgregor,false,2663,351
ciryl gane,false,2052,287
max holloway,true,1998,321
khamzat chimaev,true,1905,314
islam makhachev,true,1817,330
jon jones,false,1715,332
dustin poirier,true,1674,299
sean strickland,true,1666,289
charles oliveira,false,1451,330
sean o'malley,true,1445,268
michael chandler,false,1445,280
roosevelt roberts,true,1416,309
tom aspinall,true,1336,307
arman tsarukyan,true,1243,306
josh hokit,false,1220,106
joel alvarez,true,1200,262
kayla harrison,true,1163,309
merab dvalishvili,true,1150,272
tony ferguson,true,1145,297
derrick lewis,false,1116,189
alexander volkanovski,true,1052,283
diego lopes,false,1036,211
elisha ellison,true,915,152
magomed ankalaev,true,864,220
joaquin buckley,true,864,228
jordan leavitt,true,852,122
kyler phillips,true,850,256
robert whittaker,true,833,217
ode osbourne,true,783,191
dan hooker,true,780,240
sam hughes,true,734,283
petr yan,false,729,206
belal muhammad,false,727,236
bo nickal,true,703,168
max griffin,true,692,198
kamaru usman,false,661,245
preston parsons,true,654,186
aiemann zahabi,true,642,117
mauricio ruffy,false,628,152
jiri prochazka,true,627,184
joshua van,false,614,180
valentina shevchenko,true,596,207
lerone murphy,false,580,172
cory sandhagen,true,569,173
anthony hernandez,false,559,165
colby covington,true,556,191
nassourdine imavov,true,553,190
steve garcia,false,548,90
ian machado garry,false,536,198
carlos ulberg,true,528,149
manel kape,false,518,130
umar nurmagomedov,false,518,170
alexandre pantoja,true,515,186
movsar evloev,true,491,181
kyle daukaus,true,484,92
brian ortega,true,483,187
henry cejudo,true,480,211
eryk anders,true,476,203
jack jenkins,true,471,172
gillian robertson,true,466,204
jean silva,false,463,166
nathan fletcher,true,459,186
tatsuro taira,false,458,134
chris weidman,true,449,130
clayton carpenter,true,444,143
paulo costa,false,436,151
tallison teixeira,true,427,148
aaron pico,false,427,115
kevin holland,false,426,153
caio borralho,true,422,143
denzel freeman,true,421,167
kron gracie,true,409,116
waldo cortes acosta,true,405,137
rafael fiziev,true,403,140
zhang weili,false,402,145
victoria leonardo,true,398,160
michael morales,false,395,149
curtis blaydes,true,393,137
deiveson figueiredo,true,381,138
alexander volkov,true,375,137
brendan allen,false,370,128
sean brady,false,365,121
manuel torres,true,349,158
casey o'neill,true,339,138
mateusz gamrot,true,330,129
aj cunningham,true,329,94
danny barlow,true,324,61
brandon royval,true,323,133
beneil dariush,true,308,127
mackenzie dern,false,306,107
joe pyfer,false,306,94
tatiana suarez,true,306,137
luke fernandez,true,305,181
josh emmett,true,301,119
brandon moreno,false,300,122
jose aldo,false,297,155
gilbert burns,false,294,143
renato moicano,true,293,157
felipe franco,true,284,129
lone''er kavanagh,true,279,106
sam patterson,true,276,124
mario bautista,false,275,114
lucas brennan,true,272,151
johnny walker,false,271,98
stipe miocic,true,270,153
mitch ramirez,true,268,133
dominick reyes,false,268,101
bryce mitchell,false,266,109
jared cannonier,true,263,93
geoff neal,false,263,84
jeremy stephens,true,263,137
julian marquez,true,262,134
khalil rountree jr.,false,257,111
roberto romero,true,256,147
alexa grasso,true,253,101
michael johnson,false,253,85
isaac thomson,true,252,117
dan ige,false,251,93
patricio pitbull,true,249,111
chris barnett,true,237,122
roman dolidze,true,234,92
sergei pavlovich,true,229,126
gable steveson,true,228,119
shavkat rakhmonov,true,224,125
arnold allen,false,222,96
virna jandiroba,true,221,78
azamat murzakanov,true,220,64
rose namajunas,true,217,92
kyoji horiguchi,true,216,85
steven nguyen,true,216,103
jaqueline amorim,true,215,130
roman kopylov,true,214,74
ateba gautier,true,212,87
daniel marcos,true,212,102
jamahal hill,false,212,118
gabriel bonfim,false,206,58
neil magny,false,202,102
jailton almeida,false,202,82
louie sutherland,true,202,95
ben johnston,true,201,115
kai asakura,true,201,72
terrance mckinney,true,200,90
cub swanson,true,198,104
stephen thompson,false,198,96
chris gutierrez,true,197,110
dustin jacoby,true,194,101
jan blachowicz,true,193,102
randy brown,false,189,81
michael page,false,183,62
abdul razak alhassan,true,182,125
molly mccann,true,182,110
jose daniel medina,true,180,96
charles johnson,false,176,84
marvin vettori,true,175,85
youssef zalal,false,174,70
alex perez,false,171,88
tai tuivasa,true,169,70
tim elliott,false,167,51
mike malott,true,165,70
daniel rodriguez,false,163,65
marcus mcghee,true,162,64
kelvin gastelum,true,161,78
grant dawson,true,161,87
yair rodriguez,false,158,102
edson barboza,true,156,70
andreas gustafsson,true,155,102
jamie mullarkey,true,155,37
gregory rodrigues,false,154,63
cory mckenna,true,154,90
steve erceg,false,153,64
nikita krylov,true,152,73
quillan salkilld,true,152,40
chris duncan,false,151,49
tracy cortez,true,151,84
angel pacheco,true,148,84
shara magomedov,false,147,61
cody garbrandt,true,145,79
pat sabatini,true,145,86
zhang mingyang,true,145,43
daniel zellhuber,true,142,51
calvin kattar,true,142,70
jim miller,false,142,69
michael chiesa,true,142,82
valter walker,false,141,73
anthony smith,false,140,92
vicente luque,false,139,72
paul craig,false,139,80
marlon vera,false,138,84
payton talbott,true,138,58
amir albazi,true,136,56
jasmine jasudavicius,true,133,77
kody steele,true,133,86
robert valentin,true,133,83
kevin vallejos,true,132,50
rafael tobias,true,132,100
bogdan guskov,true,131,53
amanda lemos,false,131,71
natalia silva,false,131,53
gerald meerschaert,true,131,72
alexander hernandez,false,131,53
michel pereira,false,129,64
wes schultz,true,129,88
manon fiorot,true,127,71
rodolfo vieira,false,126,60
volkan oezdemir,true,125,71
vinicius oliveira,false,123,49
jared gordon,false,122,54
modestas bukauskas,true,120,62
christian leroy duncan,false,119,48
viviane araujo,true,119,71
jose delgado,true,118,61
nate landwehr,true,118,38
karine silva,false,117,57
marcin tybura,true,117,72
giga chikadze,true,116,65
serghei spivac,true,116,68
jean matsumoto,true,114,53
norma dumont,true,114,72
bruno silva,false,113,65
brunno ferreira,false,112,43
angela hill,false,110,57
melissa mullins,true,110,49
raul rosas jr.,false,110,52
shauna bannon,true,109,54
jessica andrade,false,106,76
jack hermansson,true,106,57
shamil gaziev,true,105,50
alonzo menifield,true,105,51
amanda ribas,false,105,55
mateusz rebecki,true,104,41
paddy pimblett,true,102,58
sebastian szalay,true,101,16
jake matthews,false,100,44
isaac dulgarian,true,100,33
thomas petersen,true,99,60
erin blanchfield,true,97,59
andre fili,false,95,50
muhammad mokaev,true,95,70
jonathan pearce,true,94,72
harry hardwick,true,94,49
edmen shahbazyan,false,94,38
aleksandar rakic,false,93,38
cody haddon,true,93,30
chris curtis,false,93,45
jesus aguilar,true,92,54
kyle nelson,false,92,35
kennedy nzechukwu,true,92,54
baisangur susurkaev,true,92,33
raoni barcelos,true,91,54
bryan battle,true,90,20
ricky simon,false,89,57
cody durden,true,86,52
christian rodriguez,false,86,41
andrey pulyaev,true,86,39
brad tavares,true,85,57
david martinez,false,83,39
esteban ribovics,true,83,37
malcolm wellmaker,true,82,37
marcus buchecha,true,82,43
ryan spann,false,81,49
patricio freire,true,81,49
matheus camilo,true,81,51
iwo baraniewski,true,80,33
jairzinho rozenstruik,true,80,60
jack della maddalena,true,79,43
montel jackson,false,79,38
mick parkin,true,78,58
ignacio bahamondes,true,78,46
cameron smotherman,true,78,27
aljamain sterling,true,78,13
israel adesanya,true,77,59
martin buday,false,77,52
cody brundage,true,77,39
brendson ribeiro,true,77,57
charles jourdain,true,77,34
jalin turner,false,77,48
brad katona,true,76,51
mansur abdul-malik,true,76,34
austin hubbard,true,76,57
morgan charriere,true,74,35
mason jones,false,74,37
joselyne edwards,false,73,38
marc-andre barriault,true,73,36
ricky turcios,true,73,22
luke riley,false,73,37
julianna pena,false,73,48
tagir ulanbekov,true,72,32
stephanie luciano,true,72,43
vitor petrino,true,72,33
gianni vazquez,true,72,51
myktybek orolbai,true,72,24
joseph morales,false,71,25
jimmy crute,false,70,34
iasmin lucindo,true,69,33
kyle prepolec,true,69,40
rodolfo bellato,true,68,40
diego ferreira,false,67,38
sean woodson,true,66,43
miesha tate,false,66,57
navajo stirling,true,66,44
ikram aliskerov,true,66,32
david onama,false,66,33
eric nolan,false,65,25
ethyn ewing,false,65,26
nursulton ruziboev,true,65,36
michal oleksiejczuk,false,65,36
melissa croden,true,64,28
ketlen vieira,false,64,46
muslim salikhov,true,64,24
yousri belgaroui,true,64,23
danny silva,false,64,32
robelis despaigne,true,64,31
kiefer crosbie,true,63,41
losene keita,false,63,27
julius walker,false,63,29
jose delano,true,63,34
mohammad yahya,false,63,18
adam fugitt,true,62,19
torrez finney,true,62,40
yaroslav amosov,true,62,30
jackson mcvey,false,62,31
abdul rakhman yakhyaev,true,62,32
nikolay veretennikov,true,62,26
rizvan kuniev,true,61,31
fatima kline,false,61,26
matt schnell,true,61,34
nasrat haqparast,true,60,31
lance gibson jr.,false,60,28
santiago luna,false,59,22
elijah smith,false,59,25
nathaniel wood,false,59,26
carla esparza,true,59,38
macy chiasson,true,58,35
marco tulio,false,58,28
josiah harrell,true,58,40
tabatha ricci,false,58,27
irene aldana,true,57,47
farid basharat,false,57,26
tom nolan,false,57,22
nora cornolle,true,56,30
nicolas dalby,false,56,38
julien leblanc,true,56,36
priscila cachoeira,true,55,31
edgar chairez,true,55,33
reinier de ridder,true,55,22
charles radtke,true,55,32
chase hooper,true,55,43
chris padilla,false,55,25
billy elekana,true,55,25
da''mon blackshear,true,55,19
michelle montague,true,55,39
yana santos,false,54,34
daniel santos,false,54,24
jonathan micallef,true,54,30
clay guida,false,53,47
kaan ofli,false,53,19
thiago moises,true,53,40
john yannis,true,52,22
donte johnson,false,52,20
adrian yanez,false,52,33
punahele soriano,true,52,29
karol rosa,false,52,30
tuco tokkos,true,51,22
jose ochoa,false,51,27
mayra bueno silva,false,51,37
matt frevola,true,51,26
bolaji oki,false,50,26
oumar sy,false,50,22
daniil donchenko,true,50,25
dricus du plessis,true,50,40
dustin stoltzfus,true,50,24
rhys mckee,false,49,28
hamdy abdelwahab,true,49,25
kevin borjas,true,49,26
drakkar klose,false,49,26
tresean gore,false,49,25
nazim sadykhov,true,49,26
jake hadley,true,48,42
jakub wiklacz,true,48,23
ketlen souza,false,48,26
alexandr romanov,true,48,35
sean sharaf,true,47,28
oban elliott,false,47,22
farman hasanov,true,47,38
dione barbosa,false,46,20
vince morales,false,46,25
marwan rahiki,true,46,22
lerryan douglas,false,46,18
themba gorimbo,true,46,33
alexia thainara,true,46,31
ramiz brahimaj,true,46,22
luana pinheiro,true,45,35
islam dulatov,true,45,25
chidi njokuani,true,45,22
ludovit klein,false,45,23
li jingliang,true,45,31
bruna brasil,true,45,33
trey waters,true,45,28
francisco prado,false,45,22
lukasz brzeski,true,44,26
cristian quinonez,true,44,23
mitch raposo,true,44,27
axel sola,false,44,18
jhonata diniz,false,44,24
azamat bekoev,true,44,21
javier reyes,false,44,28
jacqueline cavalcanti,true,43,29
alex morono,true,43,29
steven asplund,true,43,24
john castaneda,true,42,20
azat maksum,true,42,21
yan xiaonan,true,42,27
luis gurule,true,41,26
brando pericic,true,41,21
colby thicknesse,true,41,23
rafael cerqueira,true,41,27
melsik baghdasaryan,true,40,22
eric mcconico,true,40,23
raquel pennington,false,40,30
andre petroski,true,40,29
eduarda moura,false,40,18
gaston bolanos,true,40,22
andre muniz,false,40,26
rafael estevam,true,40,16
carlos leal,false,40,18
lucas almeida,false,39,26
sedriques dumas,false,39,22
melissa martinez,false,39,14
marina rodriguez,false,39,32
gunnar nelson,false,39,29
ivan erslan,true,39,23
rinat fakhretdinov,true,39,23
mohammed usman,false,39,29
gabriella fernandes,false,38,19
austin vanderford,true,38,19
loma lookboonmee,true,38,27
pedro munhoz,true,38,31
luana santos,false,38,20
jacob malkoun,true,37,17
felipe lima,false,37,25
mike davis,false,37,15
cesar almeida,false,37,25
ismael bonfim,false,37,18
ricardo ramos,false,37,18
allan nascimento,false,36,24
tim means,false,36,20
djorden santos,false,36,10
irina alekseeva,true,36,21
alberto montes,true,35,15
bekzat almakhan,true,35,20
theodor berggren,true,35,20
karolina kowalkiewicz,true,35,25
don''tale mayes,false,34,23
ivana petrovic,true,34,21
toshiomi kazama,true,34,10
tofiq musayev,true,34,21
nicolle caliari,true,34,13
jared gooden,true,34,24
lauren murphy,false,33,13
antonio trocoli,true,33,20
aleksandre topuria,false,33,21
brian kelleher,true,33,30
ollie schmid,true,33,26
damian pinas,false,33,23
victor valenzuela,true,33,22
jacobe smith,false,33,19
william gomis,false,32,16
luan lacerda,true,32,20
dusko todorovic,true,32,21
robert ruchala,true,32,18
veronica hardy,false,32,16
trevin giles,false,32,28
julia polastri,true,32,23
court mcgee,false,31,21
rinya nakamura,false,31,14
gilbert urbina,true,31,17
tommy mcmillen,true,31,15
murtazali magomedov,false,31,14
jamey-lyn horth,false,30,16
piera rodriguez,false,30,14
carlston harris,false,30,22
marcin prachnio,true,30,17
diyar nurgozhay,true,30,14
ryan gandra,true,30,18
rodrigo nascimento,false,30,16
stewart nicoll,true,30,21
victor henry,false,30,18
yazmin jauregui,true,30,11
francis marshall,false,29,21
alice pereira,false,29,11
loopy godinez,true,29,18
taiyilake nueraji,true,29,11
timmy cuamba,true,29,12
kaue fernandes,false,29,12
jafel filho,false,29,19
khaos williams,false,29,23
cezary oleksiejczuk,false,28,12
kevin jousset,true,28,17
andre lima,false,28,21
alden coria,false,28,19
max gimenis,true,28,18
darren elkins,true,28,16
joanderson brito,false,27,14
cody gibson,false,27,9
ravena oliveira,false,27,9
carlos hernandez,false,27,13
mario pinto,false,27,17
nick klein,false,27,14
jeisla chaves,true,26,15
imanol rodriguez,false,26,19
muhammad naimov,true,26,14
austin bashi,false,26,9
ismail naurdiev,true,26,16
talita alencar,true,25,16
lando vannata,true,25,19
tanner boser,false,25,15
nyamjargal tumendemberel,true,25,12
zach reese,false,25,20
armen petrosyan,true,25,21
wang cong,false,25,21
chepe mariscal,true,24,13
quang le,false,24,12
brogan walker,false,24,12
charlie campbell,false,24,16
sodiq yusuff,true,24,20
adrian luna martinetti,true,24,15
billy quarantillo,true,24,20
vanessa demopoulos,true,23,13
alice ardelean,true,23,16
guilherme pat,false,23,14
chelsea chandler,false,23,18
uran satybaldiev,true,23,13
mark vologdin,true,23,16
ariane carnelossi,true,23,12
bruno lopes,false,23,13
robert bryczek,true,23,12
mairon santos,false,23,11
denise gomes,false,22,15
javid basharat,false,22,17
ryan loder,false,22,12
kevin christian,false,22,12
phil rowe,false,22,18
jonathan martinez,false,22,15
kris moutinho,true,21,16
nurullo aliev,false,21,10
marquel mederos,true,21,13
muin gafurov,true,21,13
westin wilson,false,20,7
jamall emmers,true,20,12
jean-paul lebosnoyani,true,20,14
kurtis campbell,false,20,12
daniel pineda,true,20,10
ramon taveras,true,20,12
shanelle dyer,false,20,16
viacheslav borshchev,true,19,15
ottman azaitar,true,19,11
hailey cowan,false,19,10
caolan loughran,true,19,17
yuneisy duben,false,19,11
karl williams,false,19,16
manoel sousa,false,18,10
xiong jingnan,true,18,10
keiichiro nakamura,false,18,8
marek bujlo,false,18,13
claudio puelles,true,18,11
polyana viana,false,18,16
marcio barbosa,false,18,10
ramazan temirov,true,17,15
tahir abdullayev,true,17,10
rodrigo sezinando,true,17,11
mizuki,true,17,9
zhu kangjie,true,17,10
tereza bleda,false,17,10
rolando bedoya,true,17,10
tommy gantt,false,17,10
hecher sosa,false,17,11
tecia pennington,false,17,9
jamie siraj,false,16,8
trey ogden,false,16,13
gokhan saricam,true,16,9
ernesta kareckaite,true,16,10
dennis buzukja,true,16,6
rodrigo vera,false,16,8
james llontop,true,16,15
luis felipe dias,false,15,8
christian edwards,false,15,7
juliana miller,false,15,11
daniel frunza,true,15,8
saygid izagakhmaev,true,15,6
lawrence lui,false,15,8
anshul jubli,false,15,14
josias musasa,true,15,9
juan diaz,false,15,12
matheus nicolau,true,15,15
guram kutateladze,true,14,13
maycee barber,true,14,14
nikolas motta,false,14,12
abdul-kareem al-selwady,true,14,9
taylor lapilus,true,14,12
bia mesquita,true,14,11
benardo sopaj,false,14,12
ihor potieria,true,14,14
cam rowston,true,14,9
damon jackson,false,13,13
julija stoliarenko,true,13,8
feng xiaocan,true,13,6
regina tarin,false,13,8
serhiy sidey,false,13,13
gabriel santos,false,12,9
alvin hines,false,12,8
loik radzhabov,true,12,10
montse rendon,true,12,9
melissa gatto,false,12,7
jefferson nascimento,false,12,5
aoriqileng,true,12,2
sangwook kim,false,12,6
song yadong,true,12,9
lucas rocha,false,12,9
andrea lee,false,11,10
kurt holobaugh,true,11,10
cameron saaiman,true,11,9
jose johnson,false,11,9
yanal ashmouz,true,11,11
joaquim silva,false,11,6
cody stamann,true,11,9
victor altamirano,true,11,10
kiru sahota,true,10,10
seokhyeon ko,false,10,9
dooho choi,false,10,7
joe solecki,true,10,9
luana carolina,true,10,10
levan chokheli,true,10,6
daria zhelezniakova,true,9,8
darrius flowers,true,9,8
julia avila,false,9,8
shi ming,false,9,6
john garza,false,9,4
erik silva,false,9,5
victor hugo,false,9,8
josefine knutsson,true,9,7
daniel barez,false,8,6
mariya agapova,true,8,6
matthew semelsberger,true,8,7
jj aldrich,true,8,3
artur minev,false,8,6
cj vergara,true,8,6
shane collins,false,8,6
tamires vidal,false,8,8
bassil hafez,false,8,8
elves brener,true,8,6
connor matthews,false,7,7
dan argueta,true,7,6
otari tanzilovi,true,7,6
josh culibao,true,7,6
diana belbita,true,7,6
jarno errens,true,7,6
klaudia sygula,true,7,7
ronaldo rodriguez,false,7,6
jessica penne,false,6,6
joosang yoo,false,6,4
allen frye jr.,false,6,5
maheshate,true,6,4
pannie kianzad,true,6,6
caio machado,false,6,6
vinc pichel,true,5,5
dylan budka,false,5,5
garrett armfield,true,5,5
seungwoo choi,false,5,5
asu almabayev,true,5,5
carlos vera,false,5,5
elise reed,false,5,4
denis tiuliulin,true,5,4
josiane nunes,false,5,5
jeka saragih,true,5,5
tyrell fortune,true,4,3
rongzhu,true,4,4
alibi idiris,true,4,4
changho lee,false,4,3
mark choinski,true,4,3
zygimantas ramaska,true,4,4
donghun choi,false,4,4
jose souza,false,4,2
rafael cerquiera,true,3,3
pedro falcao,true,3,3
alex reyes,false,3,3
lucie pudilova,true,3,3
zachary scroggin,true,3,2
gabriel miranda,false,3,3
ante delija,true,3,3
brendon marotte,true,3,3
kaynan kruschewsky,true,3,3
lucas alexander,false,3,3
damir hadzovic,true,3,3
jeongyeong lee,false,3,3
herbert burns,false,3,3
charalampos grigoriou,true,3,3
terrance saeteurn,true,2,2
viktoriia dudakova,true,2,2
manolo zecchini,true,2,1
yisak lee,false,2,2
istela nunes,false,1,1
jamal pogues,true,1,1
cortavious romious,true,1,1
ion cutelaba,true,1,1
leon edwards,false,1,1
billy ray goff,false,1,1
baergeng jieleyisi,true,1,1
santiago ponzinibbio,true,1,1
kai kamaka iii,false,0,0
mickey gall,false,0,0
sumudaerji,true,0,0
rayanne dos santos,false,0,0
fernando padilla,false,0,0
michael aswell jr.,false,0,0
sulangrangbo,true,0,0
ding meng,false,0,0
drew dober,false,0,0
tainara lisboa,true,0,0
rob font,false,0,0
song kenan,false,0,0
yizha,false,0,0
felipe dos santos,false,0,0
ange loosa,false,0,0
elizeu zaleski dos santos,false,0,0
alatengheili,true,0,0
da woon jung,false,0,0
shem rock,false,0,0
hyunsung park,false,0,0
miles johns,false,0,0
dakota hope,false,0,0
uros medic,false,0,0
gauge young,false,0,0
kai kara-france,true,0,0
puja tomar,false,0,0
austen lane,false,0,0
felipe bunes,false,0,0
junyong park,false,0,0
bill algeo,false,0,0
abus magomedov,false,0,0
saimon oliveira,false,0,0
josh fremd,false,0,0
ovince saint preux,false,0,0
miranda maverick,true,0,0
rafa garcia,false,0,0
ozzy diaz,false,0,0
jack shore,false,0,0
xiao long,false,0,0
hyder amil,false,0,0
said nurmagomedov,false,0,0
gabe green,false,0,0
fares ziam,false,0,0
jordan vucenic,true,0,0
leon shahbazyan,false,0,0
carli judice,true,0,0
davey grant,false,0,0
carlos prates,true,0,0
benoit saint denis,false,0,0
chad anheliger,true,0,0
ariane da silva,false,0,0
jimmy flick,false,0,0
king green,false,0,0
rei tsuruya,true,0,0
jeremiah wells,false,0,0
montserrat conejo ruiz,false,0,0
magomed gadzhiyasulov,true,0,0
ailin perez,false,0,0
yadier del valle,false,0,0
justin tafa,false,0,0
evan elder,false,0,0
patchy mix,false,0,0
melquizael costa,false,0,0
mandel nallo,false,0,0
douglas silva de andrade,false,0,0
ricky glenn,false,0,0
ty miller,false,0,0
tre''ston vines,false,0,0
alessandro costa,false,0,0
suyoung you,false,0,0
niko price,false,0,0
dom mar fan,false,0,0
julian erosa,false,0,0
trevor peek,false,0,0
mantas kondratavicius,true,0,0
bogdan grad,false,0,0
junior tafa,false,0,0
ibo aslan,false,0,0
jai herbert,false,0,0
rafael dos anjos,false,0,0